[
  { 
    "id": 1,
    "name": "Laptop", 
    "price": 999.99, 
    "stock": 5 
  },
  { 
    "id": 2,
    "name": "Headphones", 
    "price": 49.99, 
    "stock": 50 
  },
  { 
    "id": 3,
    "name": "Monitor", 
    "price": 199.99, 
    "stock": 12 
  },
  { 
    "id": 4, 
    "name": "Smartphone", 
    "price": 699.99, 
    "stock": 20 
  },
  { 
    "id": 5, 
    "name": "Keyboard", 
    "price": 29.99, 
    "stock": 35 
  },
  { 
    "id": 6, 
    "name": "Mouse", 
    "price": 19.99, 
    "stock": 60 
  },
  { 
    "id": 7, 
    "name": "Webcam", 
    "price": 89.99, 
    "stock": 25 
  },
  { 
    "id": 8, 
    "name": "External Hard Drive", 
    "price": 129.99, 
    "stock": 15 
  },
  { 
    "id": 9, 
    "name": "USB-C Hub", 
    "price": 39.99, 
    "stock": 40 
  },
  { 
    "id": 10, 
    "name": "Wireless Charger", 
    "price": 24.99, 
    "stock": 30 
  },
  { 
    "id": 11, 
    "name": "Tablet", 
    "price": 349.99, 
    "stock": 10 
  },
  { 
    "id": 12, 
    "name": "Gaming Chair", 
    "price": 249.99, 
    "stock": 8 
  },
  { 
    "id": 13, 
    "name": "Printer", 
    "price": 159.99, 
    "stock": 7 
  },
  { 
    "id": 14, 
    "name": "Desk Lamp", 
    "price": 14.99, 
    "stock": 22 
  },
  { 
    "id": 15, 
    "name": "Bluetooth Speaker", 
    "price": 59.99, 
    "stock": 18 
  }
]
